"Epitope","HLA_allele","Immunogenicity","netcleave","NOAH","TAP","mhcflurry_affinity","mhcflurry_affinity_percentile","mhcflurry_processing_score","mhcflurry_presentation_score","mw_peptide","hydroph_peptide","charge_peptide","stab_peptide","mw_tcr_contact","hydroph_tcr_contact","charge_tcr_contact"
"FPSVFINPI","HLA-B*07:02","1",NA,-3.11,-0.308,47.919593,0.27375,0.2479261,0.755128822,1033.2352,1.255556,-0.002015701,48.4888889,588.7043,1.28,-0.002015701
"IVDKNITLKA","HLA-A*02:01","1",0.40578264,-1.36,-0.794,8321.428127,4.84575,0.3644077,0.045560083,1114.3505,0.33,0.9978407,12.44,715.8911,-0.6166667,1.997394
"MELMDLLGL","HLA-B*40:01","1",0.863499405,-6.259,1.034,31.614546,0.11175,0.04200552,0.681774214,1034.294,1.288889,-1.999794,8.8888889,547.6671,1.12,-1.001569
"ILSAHVATA","HLA-A*02:01","1",NA,-5.751,-0.568,19.936246,0.139125,0.7922883,0.979073156,882.0274,1.466667,0.08889339,20.8555556,497.5516,0.78,0.08889339
"FFLMVLLIPE","HLA-A*33:01","1",0.11206914,-2.106,-1.674,31592.309729,23.347125,0.003515955,0.00401416,1221.5634,2.25,-1.000241,23.5,684.9353,2.766667,-0.002015701
"AEWFLAYIL","HLA-B*18:01","0",0.28700688,-7.266,1.578,500.1987145,0.62775,0.140438031,0.207269095,1125.33234,1.422222222,-1.001090992,13.58888889,625.76544,2.32,-0.002866115
"AFLLFLVLI","HLA-A*01:01","0",NA,9.977,0.944,33263.76096,23.959875,0.024188511,0.004127071,1048.37684,3.477777778,-0.002015701,8.888888889,603.80264,3.68,-0.002015701
"ALWEIQQVV","HLA-B*15:01","0",0.4832428,3.37,0.924,4168.699039,3.10325,0.829100199,0.31611324,1085.26814,0.788888889,-1.000240578,69.62222222,615.68414,-0.36,-1.000240578
"AMDEFIERY","HLA-A*01:01","0",0.80402344,-2.873,2.948,26.07296287,0.014875,0.906950369,0.982288999,1173.30574,-0.588888889,-1.998872696,49.33333333,692.76974,-0.84,-0.998468766
"AMSAFAMMF","HLA-B*15:01","0",0.5288208,-3.695,2.902,32.60139885,0.137,0.154439133,0.756817305,1006.26084,1.766666667,-0.002015701,54.51111111,569.73464,2.04,-0.002015701
"ASHMYCSFY","HLA-A*01:01","0",0.40757877,-5.462,3.336,134.3633338,0.251125,0.234651979,0.540541633,1108.25154,0.177777778,0.025217846,71.42222222,649.77744,1.02,-0.064840831
"AYLRKHFSM","HLA-A*24:02","0",0.6271091,-5.748,0.679,43.07629362,0.169875,0.687661767,0.942022837,1152.37954,-0.377777778,2.087744631,18.76666667,673.77274,-1.92,2.088595045
"CLLNRYFRL","HLA-B*08:01","0",0.6288836,-4.95,0.934,118.7052715,0.446375,0.015436728,0.3755232,1197.46364,0.322222222,1.935152547,21.91111111,754.84664,-2.2,1.997127263
"CPAEIVDTV","HLA-B*51:01","0",0.9057908,-9.994,-0.29,48.26573412,0.080375,0.414807592,0.847417757,946.08334,0.877777778,-2.06176881,30.25555556,575.61644,0.2,-1.999794094
"DAPAHISTI","HLA-B*51:01","0",0.86562854,-0.6,0.252,21.31511533,0.000125,0.615637533,0.959167598,924.02134,0.311111111,-0.910660126,91.07777778,527.57784,0.32,0.08889339
"DEFIERYKL","HLA-B*18:01","0",0.5666849,-3.741,0.872,32.4811157,0.04375,0.240143925,0.809077636,1212.36784,-1.011111111,-0.99916773,39.9,707.82774,-1.74,0.998610663
"DEFTPFDVV","HLA-B*18:01","0",0.579576,0.534,0.232,54.96680022,0.164,0.178892761,0.680961526,1068.14814,0.133333333,-2.99934761,44,577.63484,0.24,-1.001569216
"DEISMATNY","HLA-B*18:01","0",NA,-3.191,2.437,23.77762528,0.00475,0.816792004,0.977605617,1043.11324,-0.566666667,-2.000644508,27.3,522.57374,-0.26,-0.002015701
"DEWSMATYY","HLA-B*18:01","0",0.3582088,-3.11,2.693,24.37221842,0.006,0.636026703,0.95730888,1165.23924,-0.922222222,-2.001494922,19.61111111,571.64594,0.18,-0.002866115
"DGARRVWTL","HLA-B*08:01","0",0.79767174,-2.85,0.458,33.06175945,0.052875,0.532142997,0.921932946,1073.21984,-0.522222222,0.998424161,46.4,716.84114,-1.28,1.997977677
"DTYPSLETI","HLA-B*51:01","0",NA,-0.602,0.614,28.5008222,0.010875,0.439183701,0.906323373,1038.11924,-0.422222222,-2.000644508,27.3,545.59014,-0.56,-1.000240578
"EAMYTPHTV","HLA-B*51:01","0",0.37600347,-3.351,0.136,29.20909847,0.012375,0.597997993,0.943412307,1048.17874,-0.344444444,-0.910181901,17.38888889,617.65924,-1.5,0.088042976
"EEFEPSTQY","HLA-B*18:01","0",0.938638,-4.764,2.786,21.33838525,0.00075,0.570992533,0.952416424,1129.14504,-1.733333333,-2.997540747,71.15555556,560.56144,-2.02,-1.000240578
"EELPDEFVV","HLA-B*18:01","0",NA,-2.068,-0.012,197.0990053,0.438,0.165986795,0.395866305,1076.16824,-0.066666667,-3.996243848,58.13333333,605.64524,-0.32,-1.999794094
"EETGLLMPL","HLA-B*18:01","0",0.34566474,-5.214,0.52,63.65511689,0.198875,0.010694504,0.507085928,1002.19074,0.4,-1.998465455,84.5,529.69524,1.5,-0.002015701
"EWFLAYILF","HLA-A*24:02","0",0.70515144,-3.797,2.528,64.55362729,0.29225,0.006528638,0.500260505,1201.43014,1.533333333,-1.001090992,13.58888889,591.74824,2.52,-0.002866115
"FEEAALCTF","HLA-B*18:01","0",0.7373701,-4.923,2.008,36.35998,0.067625,0.068153009,0.674986952,1030.16034,0.866666667,-2.060440171,95.04444444,477.57614,1.84,-0.063990417
"FEHIVYGDF","HLA-B*18:01","0",0.75265508,-2.15,2.356,39.00800517,0.082875,0.202385787,0.758912729,1126.23354,0.266666667,-1.909735417,13.71111111,565.62374,0.7,-1.002419631
"FEIKLAKKF","HLA-B*18:01","0",0.6069612,-6.207,2.434,28.2675621,0.021375,0.356831655,0.879039496,1123.40384,0.055555556,1.998874321,11.42222222,586.77574,-1.22,2.997099198
"FELEDFIPM","HLA-B*18:01","0",0.5915423,-7.782,0.102,49.80314151,0.1375,0.05145102,0.596690705,1140.31614,0.411111111,-2.998018971,10.33333333,619.67204,-0.26,-1.999794094
"FEPSTQYEY","HLA-B*18:01","0",0.9328496,-2.497,2.512,32.43460863,0.04375,0.148422211,0.753696346,1163.20554,-1.488888889,-2.000166284,26.55555556,626.62074,-1.96,-1.001090992
"FLCWHTNCY","HLA-A*01:01","0",0.8964012,-0.977,2.69,206.7239056,0.353375,0.076946855,0.313800122,1186.36804,0.222222222,-0.035906456,33.23333333,659.71724,-1.16,0.026918674
"FLGRYMSAL","HLA-B*08:01","0",0.8347731,-4.462,0.376,114.076679,0.430125,0.06444462,0.425901786,1057.27564,0.788888889,0.997130574,98.15555556,626.72834,-0.58,0.997130574
"FLLNKEMYL","HLA-B*08:01","0",NA,-4.252,0.738,47.3227472,0.1385,0.784295119,0.954730788,1170.43204,0.433333333,-0.001386026,61.51111111,683.77724,-2.06,-0.001386026
"FLMSFTVLC","HLA-A*02:01","0",NA,-4.343,-0.108,23.38099646,0.190125,0.003022835,0.709125979,1060.33454,2.255555556,-0.063990417,57.71111111,565.66714,1.86,-0.002015701
"FLNRFTTTL","HLA-B*08:01","0",0.9539716,-5.681,0.729,31.67474241,0.04475,0.61076162,0.941978822,1112.29384,0.344444444,0.997980988,8.888888889,624.69464,-0.76,0.997980988
"FMGRIRSVY","HLA-B*15:01","0",0.6646305,-3.426,2.456,22.97697637,0.034875,0.329081163,0.887817431,1128.35754,0.211111111,1.997127263,49.33333333,629.76044,-0.22,1.997977677
"FPFTIYSLL","HLA-B*51:01","0",NA,-6.337,0.344,36.68465338,0.038125,0.140443195,0.727218191,1100.32264,1.477777778,-0.002866115,51.68888889,595.69334,1.1,-0.002866115
"FPLCANGQV","HLA-B*51:01","0",0.07247313,-2.896,-0.484,87.52321648,0.195,0.016297329,0.441595773,948.10454,0.677777778,-0.063990417,5.211111111,491.51924,-0.62,-0.063990417
"FPPTSFGPL","HLA-B*07:02","0",NA,-5.138,0.09,33.11663521,0.1325,0.037232302,0.669001417,962.11314,0.3,-0.002015701,51.68888889,507.54374,-0.14,-0.002015701
"FPPTSFGPL","HLA-B*51:01","0",0.35599765,-2.925,0.09,71.39629706,0.15375,0.037232302,0.505230238,962.11314,0.3,-0.002015701,51.68888889,507.54374,-0.14,-0.002015701
"FPRGQGVPI","HLA-B*51:01","0",0.53316325,-6.318,0.285,115.6731152,0.26,0.203127015,0.545695142,970.13924,-0.055555556,0.997980988,33.87777778,456.49904,-0.34,-0.002015701
"FVMMSAPPA","HLA-A*02:01","0",0.53701185,-2.97,-0.54,62.34536173,0.590375,0.017304122,0.517587367,950.17884,1.155555556,-0.002015701,118.7111111,501.59824,-0.06,-0.002015701
"GEYSHVVAF","HLA-B*18:01","0",0.86198896,-6.364,2.302,24.89583871,0.008,0.938718043,0.984782456,1008.09854,0.422222222,-0.910181901,0.511111111,511.57854,1.24,0.08889339
"GYKSVNITF","HLA-A*24:02","0",NA,-5.632,2.58,24.04364644,0.02275,0.405119356,0.908818449,1028.17294,0.1,0.996838851,61.98888889,532.59434,0.74,-0.002015701
"HEFCSQHTM","HLA-B*18:01","0",0.654082775,-4.243,0.454,26.42953759,0.01375,0.518383734,0.932065367,1119.23494,-0.855555556,-0.880397112,21.91111111,574.60914,-1.14,0.026918674
"HEGKTFYVL","HLA-B*18:01","0",0.69733685,-6.118,0.554,68.56166836,0.21525,0.623967774,0.895475183,1093.24754,-0.244444444,0.089523065,49.38888889,656.77964,0.22,0.996838851
"HEVLLAPLL","HLA-B*18:01","0",0.75082386,-4.084,1.036,38.02353352,0.076875,0.549619693,0.917353084,1004.23754,1.433333333,-0.909331487,30.28888889,525.68894,2.32,-0.002015701
"HISRQRLTK","HLA-A*03:01","0",0.15343621,-4.073,0.484,68.28937787,0.421625,0.001356125,0.483158568,1138.33824,-1.422222222,3.088591734,100.5111111,672.78544,-1.88,1.997977677
"HSYFTSDYY","HLA-A*01:01","0",NA,-5.059,3.296,85.59795183,0.1635,0.707752079,0.90458845,1182.21104,-1.122222222,-0.913211368,22.6,631.63974,-0.7,-1.002419631
"IEVNSFSGY","HLA-B*18:01","0",0.7180447,-2.53,3.07,32.62996556,0.04375,0.120288383,0.733572511,1015.08744,0.133333333,-1.001090992,48.27777778,510.50394,-0.54,-0.002015701
"ILGLPTQTV","HLA-B*15:01","0",0.86720425,4.066,-0.036,4697.316532,3.258625,0.407268431,0.084623903,941.13554,1.044444444,-0.002015701,43.31111111,558.63224,-0.54,-0.002015701
"ILGTVSWNL","HLA-A*02:01","0",0.7922658,-4.473,0.604,24.41536018,0.20475,0.081962574,0.756575317,1002.17824,1.111111111,-0.002015701,34.56666667,605.64814,-0.34,-0.002015701
"ILHCANFNV","HLA-A*02:01","0",0.19543603,-6.026,0.35,17.86877602,0.105,0.012391049,0.761965855,1030.20954,1.044444444,0.026918674,13.58888889,567.61704,0.02,-0.063990417
"IMQLFFSYF","HLA-A*24:02","0",NA,-4.742,2.556,104.5643507,0.446375,0.015702274,0.402534188,1195.44134,1.444444444,-0.002866115,0.511111111,675.78204,1.46,-0.002866115
"IPVAYRKVL","HLA-B*07:02","0",0.15348491,-6.303,0.504,29.710965,0.092,0.473238431,0.913248009,1058.33234,0.8,1.99683554,-1.133333333,635.76424,-0.74,1.99683554
"IQLSSYSLF","HLA-A*24:02","0",NA,-3.815,2.758,84.31421342,0.377375,0.002769053,0.437896863,1057.21134,0.855555556,-0.002866115,30.28888889,555.58524,0.02,-0.002866115
"IQLSSYSLF","HLA-B*15:01","0",0.4388339,-3.415,2.758,29.80706281,0.11,0.002769053,0.662494297,1057.21134,0.855555556,-0.002866115,30.28888889,555.58524,0.02,-0.002866115
"KAYNVTQAF","HLA-B*15:01","0",0.8574779,-6.428,3.136,25.59724459,0.061625,0.697960895,0.96398952,1041.17174,-0.255555556,0.996838851,-8.922222222,531.56624,-0.34,-0.002015701
"KLFIRQEEV","HLA-B*08:01","0",NA,-1.872,0.698,230.5707828,0.72575,0.567540877,0.704523673,1161.36654,-0.4,0.0012362,78.47777778,673.72384,-2.1,-0.998468766
"KLVNKFLAL","HLA-B*08:01","0",0.92433214,-6.344,1.054,27.38824839,0.020875,0.412817366,0.901230534,1045.33344,0.988888889,1.997394232,25.76666667,591.70794,0.2,0.997689266
"KPVETSNSF","HLA-B*07:02","0",0.91840445,-6.851,2.268,29.77540466,0.092,0.762491979,0.967164801,1008.09604,-0.866666667,-0.000535612,21.91111111,536.49604,-1.86,-1.000240578
"KSDGTGTIY","HLA-A*01:01","0",0.7485934,-9.067,2.818,30.27465293,0.024625,0.672579344,0.95468138,941.00554,-0.8,-0.002714665,-19.41111111,447.48864,0.46,-0.002015701
"LAWLYAAVI","HLA-B*51:01","0",0.82455486,-1.759,1,91.74842386,0.2065,0.021452717,0.435802087,1019.25164,2.166666667,-0.002866115,48.91111111,535.64084,2.06,-0.002866115
"LEAPFLYLY","HLA-B*18:01","0",0.63985455,-5.222,3.026,33.70532832,0.050625,0.596994217,0.936009237,1128.33304,0.922222222,-1.001941406,51.68888889,651.80334,1.5,-0.002866115
"LEGNFYGPF","HLA-B*18:01","0",0.40648735,-5.151,2.276,159.6946925,0.393625,0.005710926,0.308556362,1043.14364,-0.144444444,-1.001090992,30.94444444,596.64024,-0.8,-0.002866115
"LEMELTPVV","HLA-B*18:01","0",0.668488,-3.982,0.512,78.28277752,0.246375,0.164292447,0.596739901,1030.24464,0.955555556,-1.998465455,30.28888889,557.64454,0.44,-1.000240578
"LEWLAMAVM","HLA-B*18:01","0",NA,-3.986,0.716,87.8999328,0.27025,0.003180385,0.429166797,1063.33814,1.644444444,-1.000240578,19.61111111,503.65744,2.7,-0.002015701
"LFLAFVVFL","HLA-A*01:01","0",NA,9.671,1.152,29282.3003,13.00775,0.035372034,0.004806859,1068.36724,3.333333333,-0.002015701,8.888888889,581.71244,3.16,-0.002015701
"LLALHRSYL","HLA-B*08:01","0",0.45366088,-4.095,1.042,104.2075244,0.397,0.058785953,0.440696031,1085.31444,0.8,1.088039665,57.71111111,674.75744,-1.2,1.088039665
"LLLDDFVEI","HLA-A*02:01","0",NA,-5.609,0.624,13.88663883,0.042875,0.328049071,0.925013935,1076.25474,1.377777778,-2.99934761,21.91111111,623.61714,-0.7,-2.99934761
"LMNVLTLVY","HLA-B*15:01","0",NA,-5.961,2.966,23.8554142,0.042375,0.207702197,0.832398823,1065.33614,1.8,-0.002866115,0.511111111,543.70434,3.06,-0.002015701
"LPIDKCSRI","HLA-B*51:01","0",0.20501119,-6.533,0.144,49.72521526,0.085375,0.583301917,0.907919488,1044.27734,0.111111111,0.936157722,42.25555556,607.68244,-2.04,0.936157722
"LPKGIMMNV","HLA-B*51:01","0",0.75357413,-5.322,-0.218,50.0152564,0.087375,0.687184431,0.934228782,1002.29834,0.766666667,0.997689266,8.222222222,564.71554,0.88,-0.002015701
"LPQLEQPYV","HLA-B*51:01","0",0.10774399,-0.942,-0.278,76.18731194,0.166,0.494426772,0.830973678,1086.25294,-0.355555556,-1.001090992,94.48888889,648.71354,-1.22,-1.001090992
"LPQNAVVKI","HLA-B*51:01","0",0.34719244,-6.172,-0.058,37.57879157,0.04075,0.756125249,0.959039111,981.20334,0.666666667,0.997689266,39.05555556,529.63714,0.56,0.997689266
"LPVLQVRDV","HLA-B*51:01","0",0.1597801,-4.365,-0.058,65.3077533,0.13725,0.413792819,0.808783366,1038.25534,0.788888889,-0.001572528,79.53333333,629.71404,-0.7,-0.001572528
"LQIPFAMQM","HLA-B*15:01","0",0.8016896,-4.46,0.708,29.29238537,0.100625,0.079164099,0.723555196,1078.35274,0.9,-0.002015701,54.93333333,592.71064,0.28,-0.002015701
"LSPRWYFYY","HLA-A*01:01","0",0.29771835,-3.426,3.034,168.8029067,0.301125,0.125616036,0.39439912,1294.47484,-0.566666667,0.995429745,162.9111111,833.94454,-1.04,0.99628016
"LTALRLCAY","HLA-A*01:01","0",NA,-5.426,3.038,244.4743709,0.392875,0.220772658,0.396776369,1023.25844,1.222222222,0.935155858,30.28888889,574.73914,1.48,0.936006272
"LTENLLLYI","HLA-A*01:01","0",NA,-3.385,0.326,502.061739,0.612,0.172473215,0.226075856,1091.31264,1.188888889,-1.001090992,30.28888889,634.77324,1.32,-0.002866115
"LTRNPAWRK","HLA-A*03:01","0",0.36510178,-4.823,0.642,36.81421612,0.19475,0.060300168,0.666368991,1141.34134,-1.555555556,2.997682643,40.8,642.71524,-1.74,0.997980988
"MARKTLNSL","HLA-B*07:02","0",NA,-4.278,1.244,23.86441758,0.025375,0.063532945,0.748118001,1033.25414,-0.233333333,1.997685954,22.6,561.63584,-1.02,0.997689266
"MARKTLNSL","HLA-B*08:01","0",NA,-8.576,1.244,28.59686829,0.026625,0.063532945,0.716632112,1033.25414,-0.233333333,1.997685954,22.6,561.63584,-1.02,0.997689266
"MAYITGGVV","HLA-B*51:01","0",0.44633344,-3.739,0.786,36.10826659,0.036625,0.080588456,0.685964415,910.09614,1.533333333,-0.002866115,26.87777778,445.51614,1.44,-0.002015701
"MLFTMLRKL","HLA-A*02:01","0",0.62929064,-2.622,1.208,32.39383611,0.314375,0.030435324,0.667979711,1152.52194,0.988888889,1.997685954,20.85555556,647.83394,-0.68,1.997685954
"MMFVKHKHA","HLA-B*08:01","0",0.07283352,-4.133,-0.172,515.9133541,1.117875,0.004992288,0.135678296,1128.41884,-0.177777778,2.179212414,28.8,647.77824,-2,2.179212414
"MMISAGFSL","HLA-B*15:01","0",0.37465048,-7.439,1.232,55.04786784,0.3605,0.02242979,0.549656507,956.18294,1.633333333,-0.002015701,5.688888889,467.47894,0.52,-0.002015701
"MMSAPPAQY","HLA-B*15:01","0",0.92947143,-4.829,3.136,19.229183,0.0055,0.197050799,0.852753781,995.17634,-0.155555556,-0.002866115,110.3333333,482.53694,-0.62,-0.002015701
"MPASWVMRI","HLA-B*51:01","0",0.4352622,-10.105,0.242,34.0975206,0.028875,0.918932475,0.978541147,1090.36684,0.722222222,0.997980988,61.3,677.81934,-0.02,0.997980988
"MPLKAPKEI","HLA-B*51:01","0",0.4347572,-2.668,0.018,30.66898858,0.016875,0.577919953,0.936956497,1026.30254,-0.277777778,0.999169354,91.07777778,571.67444,-2.22,0.999169354
"MPLSAPTLV","HLA-B*51:01","0",0.21592838,-4.873,-0.202,24.00460658,0.002,0.311949894,0.877471466,928.15474,1.2,-0.002015701,79.11111111,487.55344,0.5,-0.002015701
"MPYFFTLLL","HLA-B*51:01","0",NA,-6.782,0.832,36.62929542,0.038125,0.361357812,0.854356916,1144.43704,1.7,-0.002866115,57.71111111,639.79234,2.5,-0.002015701
"MSNLGMPSY","HLA-A*01:01","0",0.9407433,-4.698,2.966,79.71439726,0.1525,0.078871686,0.517835254,999.16464,-0.088888889,-0.002866115,127.9333333,503.61404,0.58,-0.002015701
"MTYRRLISM","HLA-B*08:01","0",NA,-5.22,0.378,35.28723532,0.068375,0.450510044,0.89284002,1170.45354,0.033333333,1.997127263,50.54444444,643.78724,-0.3,1.997977677
"MVMCGGSLY","HLA-B*15:01","0",0.45047805,-8.047,3.202,23.85616635,0.042375,0.016495943,0.715302292,960.18924,1.266666667,-0.064840831,22.6,435.49544,0.94,-0.063990417
"MYKGLPWNV","HLA-A*24:02","0",0.48931906,-4.002,0.492,37.99240913,0.13025,0.06397713,0.663049598,1107.33554,-0.188888889,0.996838851,57.67777778,585.66024,-0.52,-0.002015701
"NDLCFTNVY","HLA-B*18:01","0",NA,0.712,2.934,95.88574452,0.288375,0.2022353,0.585854517,1088.19994,0.088888889,-1.064394347,-16.18888889,582.67214,1.06,-0.063990417
"NETLVTMPL","HLA-B*18:01","0",NA,-2.512,1.136,65.11300251,0.20275,0.117833555,0.596292657,1017.20544,0.411111111,-1.000240578,48.27777778,559.72164,1.52,-0.002015701
"NLQSNHDLY","HLA-A*01:01","0",0.75800645,-3.292,3.1,113.3459503,0.215875,0.111343604,0.468605798,1103.15624,-1.3,-0.91151054,93.93333333,584.58634,-1.44,-0.910660126
"NPAWRKAVF","HLA-B*07:02","0",0.21692395,-6.745,2.226,36.04180593,0.158875,0.625349052,0.938449426,1088.27734,-0.422222222,1.997685954,27.08888889,658.80144,-0.66,1.997685954
"NSASFSTFK","HLA-A*03:01","0",0.21021655,-5.948,0.824,74.15803332,0.452625,0.335669734,0.740920819,988.06484,-0.344444444,0.997689266,5.9,587.62994,0.66,-0.002015701
"NTFTRLQSL","HLA-B*08:01","0",0.94359636,-3.731,1.444,27.04920493,0.019625,0.221104242,0.823292794,1079.22104,-0.366666667,0.997980988,98.21111111,603.67614,-1.14,0.997980988
"PYRVVVLSF","HLA-A*01:01","0",0.9355033,10.541,2.452,30918.47659,16.113,0.411167432,0.0172599,1079.30744,1.222222222,0.997130574,-9.9,515.65064,3.12,-0.002015701
"QLIKVTLVF","HLA-B*15:01","0",NA,-6.639,2.532,30.30880733,0.113,0.203024488,0.79790669,1060.34514,1.688888889,0.997689266,-19.41111111,558.71904,1.52,0.997689266
"QLMCQPILL","HLA-A*02:01","0",0.45942774,-5.16,0.944,27.90700695,0.25425,0.250770278,0.834352538,1058.36234,1.3,-0.063990417,43.31111111,572.72024,1.14,-0.063990417
"RLFARTRSM","HLA-B*08:01","0",NA,-5.639,0.75,45.54459155,0.127125,0.208379339,0.73699291,1137.36844,-0.522222222,2.997974365,57.71111111,589.65234,-1.74,1.997977677
"RMYIFFASF","HLA-B*15:01","0",0.581780425,-6.42,3.24,34.18740121,0.156625,0.54648947,0.92345737,1181.41754,1.111111111,0.997130574,35.2,583.68484,2.22,-0.002015701
"RVDFCGKGY","HLA-A*01:01","0",NA,-6.178,2.912,54.65926892,0.095125,0.443815891,0.846487212,1044.19324,-0.5,0.935307308,-44.48888889,510.60854,0.12,0.93571455
"RVDFCGKGY","HLA-B*15:01","0",0.88296545,2.183,2.912,291.5829302,1.1075,0.443815891,0.554619509,1044.19324,-0.5,0.935307308,-44.48888889,510.60854,0.12,0.93571455
"RYLALYNKY","HLA-A*24:02","0",0.6211508,-3.44,3.334,108.2878124,0.4575,0.82173381,0.92030612,1203.40624,-0.711111111,1.995134712,26.82222222,607.70734,-0.62,0.996838851
"SAFFGMSRI","HLA-B*51:01","0",0.5606362,-5.691,0.892,101.3613481,0.226375,0.496713243,0.793631445,1015.19504,0.811111111,0.997980988,79.11111111,596.70204,-0.2,0.997980988
"SAFYILPSI","HLA-B*51:01","0",0.46226808,-3.613,0.892,30.90093814,0.016875,0.300114296,0.845805435,1010.19794,1.433333333,-0.002866115,109.3111111,591.70494,0.92,-0.002866115
"SAKNRARTV","HLA-B*08:01","0",0.8808914,-4.295,0.444,38.93595616,0.09175,0.002244107,0.607092686,1002.14164,-1.122222222,2.997682643,8.888888889,616.67794,-2.28,1.997977677
"SEFDRDAAM","HLA-B*18:01","0",0.5873602,-4.993,0.608,27.79300045,0.01875,0.677123651,0.958507583,1041.10044,-0.833333333,-1.999350921,35.62222222,546.53754,-1.58,-1.001126044
"SEFSSLPSY","HLA-B*18:01","0",0.850430775,-5.712,3.228,23.32779104,0.00325,0.535907343,0.942255958,1016.07224,-0.333333333,-1.001090992,94.48888889,489.52594,-0.04,-0.002015701
"SELVIGAVI","HLA-B*18:01","0",NA,-5.763,0.65,127.1742769,0.3455,0.340155393,0.642765455,900.08304,2.033333333,-1.000240578,20.85555556,457.57054,2.86,-0.002015701
"SLREVRTIK","HLA-A*03:01","0",0.10855934,-4.792,0.628,26.94213317,0.080375,0.140202321,0.77799587,1101.31454,-0.6,1.999457766,20.85555556,616.71534,4.44e-17,-0.000243889
"SLSHRFYRL","HLA-B*08:01","0",0.70232856,-6.235,1.012,51.60133213,0.162625,0.207327385,0.714161538,1178.35914,-0.522222222,2.088036353,26.32222222,777.88394,-2.14,2.088036353
"SPNLAWPLI","HLA-B*51:01","0",0.29467863,-5.615,-0.17,74.63513516,0.1615,0.156501204,0.600258246,1010.20084,0.611111111,-0.002015701,57.71111111,598.74274,1.38,-0.002015701
"SPRWYFYYL","HLA-B*51:01","0",0.46195656,2.162,0.536,2617.339058,1.31575,0.690135412,0.29874814,1294.47484,-0.566666667,0.995429745,162.9111111,840.93304,-0.4,-0.004566943
"SPYNSQNAV","HLA-B*07:02","0",0.61836,-5.768,0.172,29.23413967,0.086375,0.533300571,0.929719084,979.01404,-1,-0.002866115,79.11111111,532.51054,-1.9,-0.002015701
"TEETFKLSY","HLA-B*18:01","0",0.95063996,-1.811,2.628,26.2792784,0.012375,0.695708945,0.962883622,1117.22074,-0.866666667,-0.999610903,54.08888889,594.70864,0.24,0.997689266
"TPRDLGACI","HLA-B*51:01","0",0.83103515,-5.384,0.028,1140.615096,0.908375,0.494626362,0.307500973,945.10144,0.211111111,-0.063547244,39.9,477.53274,0.84,-1.063543932
"TQWSLFFFL","HLA-A*02:01","0",0.2443207,-3.95,1.488,23.36001477,0.185875,0.012634993,0.716303016,1188.39104,1.122222222,-0.002015701,0.511111111,659.78264,2.28,-0.002015701
"TQYNRYLAL","HLA-B*08:01","0",0.36049956,-2.703,1.518,31.75123965,0.04475,0.598242618,0.939369781,1141.29194,-0.6,0.99628016,-16.24444444,635.72074,-0.74,0.997130574
"TSDYYQLYS","HLA-A*01:01","0",NA,-2.662,-2.534,1113.741657,0.91575,0.015473634,0.075981744,1139.18344,-1.044444444,-1.004120459,22.6,748.83334,-0.72,-0.004566943
"TTLPVNVAF","HLA-B*15:01","0",0.8436458,-4.316,2.574,52.4780781,0.334875,0.567905243,0.898960972,961.12594,1.144444444,-0.002015701,51.68888889,498.57974,1.02,-0.002015701
"VEHVTFFIY","HLA-B*18:01","0",NA,-4.455,3.05,35.73710839,0.066,0.55271133,0.922230766,1154.33074,1.088888889,-0.910181901,4.788888889,625.76554,2.72,-0.002015701
"VFITLCFTL","HLA-A*24:02","0",NA,-4.432,1.252,37.79782971,0.13025,0.009577218,0.619542685,1056.32824,2.555555556,-0.063990417,8.888888889,583.70024,1.54,-0.063990417
"VGMQKYSTL","HLA-B*08:01","0",0.88979787,-3.171,0.926,39.04458606,0.09175,0.032310434,0.631761634,1026.21584,-0.077777778,0.996838851,-8.922222222,625.67934,-2.04,0.996838851
"VLKKLKKSL","HLA-B*08:01","0",0.9129719,-7.092,1.002,27.54938847,0.022625,0.044031627,0.709196224,1056.40064,-0.088888889,3.996804164,-19.41111111,602.77514,-1.74,2.997099198
"VLLRKNGNK","HLA-A*03:01","0",0.63322127,-6.197,0.552,55.43346558,0.348375,0.002679367,0.530634763,1041.26184,-0.877777778,2.99739092,30.46666667,587.63634,-3.16,1.997685954
"VLSGHNLAK","HLA-A*11:01","0",0.531181,-5.464,0.508,33.84377384,0.216,0.033207554,0.661508887,938.09454,0.2,1.088598356,35.2,510.55024,-0.3,0.08889339
"VLWAHGFEL","HLA-A*01:01","0",0.8615959,4.365,1.35,20169.73735,5.629,0.476018198,0.031334659,1071.24374,0.933333333,-0.909331487,-2.455555556,559.57914,-0.5,-0.909331487
"VLWAHGFEL","HLA-B*08:01","0",0.8615959,0.416,1.35,321.4195292,0.882875,0.476018198,0.561568639,1071.24374,0.933333333,-0.909331487,-2.455555556,559.57914,-0.5,-0.909331487
"VLWAHGFEL","HLA-B*15:01","0",0.86159587,-0.564,1.35,729.3349826,1.59425,0.476018198,0.382086321,1071.24374,0.933333333,-0.909331487,-2.455555556,559.57914,-0.5,-0.909331487
"VMFTPLVPF","HLA-B*15:01","0",NA,-5.337,2.92,29.06666709,0.100625,0.067903854,0.716854399,1050.32414,1.755555556,-0.002015701,51.68888889,525.64574,0.82,-0.002015701
"VMYMGTLSY","HLA-B*15:01","0",NA,-9.095,3.449,19.07378811,0.0055,0.405243773,0.924528751,1064.27964,0.811111111,-0.003716529,74.58888889,507.60244,0.76,-0.002015701
"VPHHVVATV","HLA-B*51:01","0",0.8040996,-8.204,-0.156,24.3781046,0.002125,0.91752518,0.983906609,958.12844,1.1,0.179802481,30.28888889,525.60544,1.26,0.08889339
"VPLKSATCI","HLA-B*51:01","0",0.8734665,-1.443,0.04,110.5918327,0.248375,0.415189926,0.726902714,931.15834,1.088888889,0.93571455,20.85555556,508.59024,-0.22,0.93571455
"VPMEKLKTL","HLA-B*07:02","0",0.70382625,-6.975,0.554,21.69299601,0.011375,0.784656905,0.976872225,1058.34474,0.011111111,0.999169354,3.044444444,617.74344,-1.64,0.999169354
"VPQEHYVRI","HLA-B*51:01","0",0.6156376,-5.1,-0.06,43.94093434,0.066625,0.77126218,0.955564012,1140.30734,-0.522222222,0.089814788,113.5333333,702.76794,-1.66,0.089814788
"VPYCYDTNV","HLA-B*51:01","0",NA,-4.492,0.158,57.95209869,0.113875,0.147916518,0.645838698,1073.18544,-0.111111111,-1.065244761,23.2,614.62754,-1.3,-1.064394347
"VVNQNAQAL","HLA-B*07:02","0",0.8814462,-4.559,0.936,72.33790494,0.429875,0.098529462,0.556687055,956.06644,0.2,-0.002015701,0.511111111,530.53804,-1.38,-0.002015701
"WEPEFYEAM","HLA-B*18:01","0",0.26387745,-5.272,0.134,68.72269054,0.21525,0.106712513,0.575042648,1201.31564,-0.866666667,-2.997540747,77.44444444,657.67764,-0.74,-1.999315869
"WTAGAAAYY","HLA-B*15:01","0",0.42236593,-4.619,2.83,142.9244102,0.7785,0.138308201,0.441340705,973.05264,0.288888889,-0.003716529,-3.533333333,451.47954,0.74,-0.002866115
"YADVFHLYL","HLA-A*01:01","0",0.45629027,-2.002,0.524,115.4133564,0.220125,0.847816803,0.922929326,1140.30374,0.788888889,-0.912360954,25.76666667,677.80094,1.26,0.088042976
"YELQTPFEI","HLA-B*18:01","0",0.7019092,-4.541,0.438,86.1484064,0.265875,0.366175331,0.736193137,1139.27014,-0.333333333,-1.999315869,79.53333333,620.65984,-1.3,-1.000240578
"YFTSDYYQL","HLA-A*24:02","0",NA,-1.988,0.844,35.3321737,0.111875,0.235897709,0.794802366,1199.28184,-0.644444444,-1.004120459,22.6,674.66474,-2.08,-1.003270045
"YIFFASFYY","HLA-B*15:01","0",0.40111905,-4.314,3.118,140.1286148,0.76925,0.036829319,0.358975243,1220.38944,1.111111111,-0.004566943,58.82222222,633.70144,1.06,-0.002866115
"YLKSPNFSK","HLA-A*03:01","0",0.4541109,-5.836,0.314,26.11908895,0.066625,0.147308573,0.786997969,1083.25234,-1.022222222,1.996543817,31.57777778,550.56874,-0.78,-0.002015701
"YLTNDVSFL","HLA-A*02:01","0",NA,-4.603,0.736,13.85668776,0.042875,0.472331494,0.953850371,1071.19494,0.533333333,-1.002419631,-7.811111111,580.59504,-0.16,-1.001569216
"YNSASFSTF","HLA-A*24:02","0",NA,-0.88,2.26,229.3357111,0.69325,0.024651274,0.257111053,1023.06674,-0.055555556,-0.002866115,22.6,511.53214,0.46,-0.002015701
"YPSLETIQI","HLA-B*51:01","0",0.91836464,-5.434,-0.202,57.59297796,0.113875,0.388006479,0.811831109,1063.21564,0.155555556,-1.001090992,44,602.68534,0.12,-1.000240578
"YTDFATSAC","HLA-A*01:01","0",0.09518334,-5.302,-0.458,494.8269978,0.603,0.026515689,0.149584293,978.04124,0.211111111,-1.064394347,39.9,495.53274,0.98,-0.002015701
"YVNTFSSTF","HLA-B*15:01","0",NA,-6.404,2.318,21.89228104,0.02425,0.153396916,0.815404211,1065.14744,0.222222222,-0.002866115,48.27777778,541.55844,-0.04,-0.002015701
"YYSLLMPIL","HLA-A*24:02","0",0.8109005,-4.043,0.952,32.11574154,0.088,0.202729635,0.789305692,1112.39234,1.422222222,-0.003716529,92.82222222,585.80274,2.48,-0.002015701
"ACTDDNALAY","HLA-A*01:01","0",0.5020847,-13.007,3.063,230.3373474,0.379125,0.002985962,0.241930909,1056.11194,-0.08,-2.063947862,85.54,617.61324,-0.516666667,-2.001122732
"APSASAFFGM","HLA-B*51:01","0",0.83275414,-3.171,-0.02,13550.7376,3.748125,0.059725497,0.010340637,985.12244,0.93,-0.002015701,47.52,598.65614,1.333333333,-0.002015701
"AQYELKHGTF","HLA-B*15:01","0",0.825974,-6.644,3.386,21.27676864,0.020875,0.858491004,0.982427119,1193.32444,-0.81,0.089523065,-21.09,683.76234,-1.316666667,0.090373479
"ASFSASTSAF","HLA-B*15:01","0",0.6930849,-8.742,3.11,32.95063012,0.141125,0.0530154,0.682305233,975.02274,0.71,-0.002015701,9,522.51254,0.083333333,-0.002015701
"AVMYMGTLSY","HLA-B*15:01","0",0.9391844,-9.96,3.438,63.15119565,0.41775,0.140813489,0.622253976,1135.35844,0.91,-0.003716529,68.13,670.77844,0.416666667,-0.002866115
"AYLRKHFSMM","HLA-B*08:01","0",0.38819268,-8.802,0.679,21232.77926,9.571375,0.232346036,0.012802369,1283.57214,-0.15,2.087744631,15.01,804.96534,-1.283333333,2.088595045
"DEFSSNVANY","HLA-B*18:01","0",NA,-5.655,2.842,30.74819893,0.034875,0.332109831,0.860626523,1145.14734,-0.81,-2.000644508,28.26,590.59064,-0.433333333,-0.002015701
"DEWSMATYYL","HLA-B*18:01","0",0.30623424,-5.598,0.992,1442.313973,0.901125,0.353240546,0.178833311,1278.39864,-0.45,-2.001494922,18.65,734.82194,-0.066666667,-0.003716529
"DMTYRRLISM","HLA-B*08:01","0",0.7882113,-5.22,0.022,606.5890164,1.20975,0.094590593,0.157592751,1285.54214,-0.32,0.997573747,46.49,806.96324,-0.466666667,1.997127263
"DSFKEELDKY","HLA-A*01:01","0",0.7012565,-2.899,2.914,111.6042976,0.213625,0.157052748,0.512726767,1273.36184,-1.73,-1.999012969,37.34,760.84244,-2.416666667,-0.998609039
"EEIAIILASF","HLA-B*18:01","0",0.95921665,-5.743,2.31,40.53587909,0.089875,0.522396777,0.904911891,1105.29624,1.59,-1.998465455,80.12,586.72924,2.6,-0.002015701
"EEKFKEGVEF","HLA-B*18:01","0",0.5322591,-5.956,2.168,55.69703205,0.168875,0.095507782,0.610472343,1241.36314,-1.24,-1.995505277,26.57,707.78144,-0.716666667,-0.998760489
"FARTRSMWSF","HLA-B*08:01","0",0.95533276,-9.88,2.448,1636.350133,1.89375,0.047820285,0.061519716,1288.48954,-0.29,1.997977677,52.94,766.87004,-0.966666667,0.997980988
"FDEISMATNY","HLA-B*18:01","0",0.9306156,-5.037,2.118,5441.10294,1.52125,0.029151399,0.020647715,1190.28984,-0.23,-2.000644508,37.91,635.73314,0.533333333,-0.002015701
"FERDISTEIY","HLA-B*18:01","0",0.6782676,-6.606,2.784,29.80128797,0.030375,0.39499183,0.888191701,1272.37704,-0.6,-1.998872696,47.52,676.72144,0.083333333,-1.999794094
"FGEYSHVVAF","HLA-B*18:01","0",0.86198896,-7.239,1.784,23750.68089,5.734,0.221624956,0.011172704,1155.27514,0.66,-0.910181901,1.46,674.75454,0.816666667,0.088042976
"FKLVNKFLAL","HLA-B*08:01","0",0.92433214,-9.139,0.838,5429.947726,3.30225,0.23343315,0.041908874,1192.51004,1.17,1.997394232,9.16,690.84054,0.866666667,0.997689266
"FLFVAAIFYL","HLA-A*02:01","0",NA,-7.948,0.926,19.28282066,0.1285,0.018327843,0.753423982,1203.48944,2.7,-0.002866115,41.6,682.81744,2.3,-0.002866115
"FPFTIYSLLL","HLA-B*51:01","0",NA,-7.157,0.344,167.0566363,0.34325,0.078502513,0.357204441,1213.48204,1.71,-0.002866115,47.52,708.85274,1.55,-0.002866115
"FPLCANGQVF","HLA-B*51:01","0",0.9114844,-5.271,1.736,208.3232044,0.393875,0.316407073,0.516025555,1095.28114,0.89,-0.063990417,5.69,590.65184,0.183333333,-0.063990417
"FPLKLRGTAV","HLA-B*07:02","0",0.28523874,-10.724,-0.484,35.23025725,0.151625,0.429495219,0.885606488,1101.35734,0.53,1.997685954,13.56,644.77204,-0.65,1.997685954
"FPLKLRGTAV","HLA-B*51:01","0",0.28523874,-3.932,-0.484,93.62084402,0.211,0.429495219,0.764589104,1101.35734,0.53,1.997685954,13.56,644.77204,-0.65,1.997685954
"FPLNSIIKTI","HLA-B*51:01","0",0.9071662,-5.972,-0.264,43.92784733,0.066625,0.682262011,0.939988915,1145.40734,0.96,0.997689266,19.77,674.79524,0.016666667,0.997689266
"FPNITNLCPF","HLA-B*07:02","0",NA,-6.312,1.512,44.55290718,0.241125,0.00407435,0.579778073,1165.37214,0.55,-0.063990417,95.69,659.79844,0.833333333,-0.063990417
"FPNITNLCPF","HLA-B*51:01","0",0.7006864,-7.227,1.512,1611.182558,1.057875,0.00407435,0.053807663,1165.37214,0.55,-0.063990417,95.69,659.79844,0.833333333,-0.063990417
"FPPTSFGPLV","HLA-B*51:01","0",0.25888813,-5.392,-0.55,107.0197602,0.239625,0.027461492,0.407662161,1061.24574,0.69,-0.002015701,47.52,620.70314,0.516666667,-0.002015701
"HPLADNKFAL","HLA-B*51:01","0",0.7396008,-3.473,0.32,1346.847218,0.9775,0.657778949,0.406586016,1125.29254,-0.17,0.089044841,21.31,664.71594,-0.75,-0.00186425
"IDFYLCFLAF","HLA-B*18:01","0",NA,-2.594,2.468,17513.74081,3.549375,0.00120765,0.006707292,1251.50544,2,-1.064394347,34.06,728.90424,2.233333333,-0.064840831
"ILFTRFFYVL","HLA-B*08:01","0",NA,-7.951,1.154,11666.79542,5.222,0.109420814,0.014047909,1318.62444,1.82,0.997130574,60.86,831.96964,0.55,0.997130574
"IPYNSVTSSI","HLA-B*51:01","0",NA,-8.233,0.302,39.95713696,0.051875,0.224213429,0.769084842,1080.20284,0.37,-0.002866115,16.89,593.59134,-0.4,-0.002015701
"KMFDAYVNTF","HLA-B*15:01","0",0.9659864,-8.256,3.028,21.79196725,0.02425,0.771139435,0.975662599,1235.42004,0.06,-0.002714665,57.79,681.70014,-0.5,-1.002419631
"KPTETICAPL","HLA-B*07:02","0",0.66587275,-7.606,0.46,25.95366178,0.047625,0.01140032,0.695978899,1072.28484,0.06,-0.062510328,39.98,632.72954,0.5,-1.062215294
"LDEWSMATYY","HLA-B*18:01","0",0.3582088,-4.332,2.338,15228.63837,3.0375,0.048732556,0.008975806,1278.39864,-0.45,-2.001494922,18.65,757.85914,-1.85e-17,-0.002866115
"LEQWNLVIGF","HLA-B*18:01","0",0.68530105,-8.553,2.538,774.0248914,0.7325,0.034414552,0.108385417,1218.41774,0.73,-1.000240578,40.6,700.83554,1.283333333,-0.002015701
"LFLAFVVFLL","HLA-A*01:01","0",NA,1.897,1.152,33828.84792,25.670375,0.008858398,0.003850645,1181.52664,3.38,-0.002015701,9,694.87184,3.266666667,-0.002015701
"LGIITTVAAF","HLA-B*15:01","0",0.8254015,-6.612,2.516,5622.618304,3.53025,0.008520156,0.018670249,1005.22234,2.16,-0.002015701,0.51,574.67504,1.816666667,-0.002015701
"LILMTARTVY","HLA-B*15:01","0",NA,-5.55,3.13,394.0549026,1.250125,0.048819534,0.189080856,1180.47114,1.28,0.997130574,17.84,677.81694,0.333333333,0.997980988
"LLAKDTTEAF","HLA-B*15:01","0",0.87055916,-7.279,2.622,59.30784831,0.38975,0.303210206,0.756517254,1108.25664,0.17,-1.000089128,13.23,663.68244,-1.75,-1.000089128
"LMRELNGGAY","HLA-B*15:01","0",0.8309709,-8.916,3.186,26.83232219,0.073,0.0714463,0.733533146,1123.29204,-0.23,-0.001094303,-9.72,559.57654,-0.366666667,-1.000240578
"LMSNLGMPSY","HLA-B*15:01","0",0.9407433,-7.435,3.08,27.49645075,0.0785,0.012633987,0.685959865,1112.32404,0.3,-0.002866115,116.14,617.71784,-0.1,-0.002015701
"LPFGWLIVGV","HLA-B*51:01","0",0.7906464,-5.575,0.01,141.8408481,0.30725,0.613206394,0.812064198,1100.36894,2,-0.002015701,55.22,643.78364,1.8,-0.002015701
"LQAENVTGLF","HLA-B*15:01","0",0.40636882,-7.263,2.834,42.02413964,0.24125,0.072993454,0.650084008,1091.22904,0.48,-1.000240578,24.62,631.68354,-0.016666667,-1.000240578
"LQSCTQHQPY","HLA-B*15:01","0",0.36497965,-7.161,3.182,37.61292981,0.1915,0.001384016,0.613670389,1204.32264,-1.18,0.02606826,162.46,712.77834,-1.666666667,0.026918674
"MFVKHKHAFL","HLA-B*08:01","0",0.5233919,-8.035,1.283,2916.915701,2.4405,0.052436128,0.038338556,1257.56224,0.31,2.179212414,29.8,766.90104,-1.6,2.179212414
"MGRIRSVYPV","HLA-B*08:01","0",0.222609695,-7.525,0.232,15847.33346,6.752375,0.005553596,0.00743953,1177.43024,0.17,1.997127263,77,733.86564,0.083333333,0.997130574
"MLRIMASLVL","HLA-B*08:01","0",0.7460555,-7.748,1.082,799.7914807,1.3825,0.009246774,0.097427794,1146.51514,2.04,0.997980988,40.6,632.81624,2.566666667,-0.002015701
"MMNVAKYTQL","HLA-B*08:01","0",0.94469494,-5.658,0.906,130.1997044,0.4845,0.079978701,0.410784411,1198.46094,0.07,0.996838851,-9.91,708.81254,-0.566666667,0.996838851
"MYLKLRSDVL","HLA-B*08:01","0",0.40038997,-8.97,1.172,5606.70486,3.340125,0.305732381,0.052140909,1237.52304,0.35,0.997282024,78.9,716.83564,-0.783333333,0.998132438
"NMARKTLNSL","HLA-B*08:01","0",NA,-8.576,1.338,149.1434166,0.541125,0.030000497,0.340837797,1147.35794,-0.56,1.997685954,21.34,717.82334,-1.6,1.997685954
"QEYADVFHLY","HLA-B*18:01","0",0.54577297,-6.067,3.172,29.29624777,0.02725,0.875705466,0.978134894,1284.39054,-0.37,-1.910585831,43.45,700.79234,0.983333333,-0.910660126
"RQKRTATKAY","HLA-B*15:01","0",NA,-7.121,3.354,33.19312529,0.14575,0.025098473,0.658896214,1222.41294,-1.94,3.996537195,60.86,646.74464,-1.033333333,1.997685954
"RTIAFGGCVF","HLA-B*15:01","0",0.9226143,-8.567,2.92,89.54241362,0.576625,0.599719919,0.861073765,1070.27444,1.26,0.936006272,13.8,552.64584,1.75,-0.063990417
"SEAFLIGCNY","HLA-B*18:01","0",0.4733454,-6.338,3.038,51.06517859,0.1465,0.715747993,0.939167517,1116.25364,0.59,-1.063065708,28.26,665.80514,1.616666667,-0.063990417
"TLKKRWQLAL","HLA-B*08:01","0",0.90881974,-11.179,0.928,532.877742,1.135125,0.038667943,0.146740317,1256.55694,-0.42,2.99739092,90.39,800.95894,-1.2,1.997685954
"TLMNVLTLVY","HLA-B*15:01","0",NA,-7.222,3.032,55.04694483,0.3605,0.131780248,0.643135675,1166.44124,1.55,-0.002866115,1.46,657.80814,1.966666667,-0.002015701
"TPLVPFWITI","HLA-B*51:01","0",0.77786976,-8.003,-0.034,1054.823276,0.87875,0.106627014,0.10668282,1186.45944,1.43,-0.002015701,47.52,761.91884,1.383333333,-0.002015701
"TQLYLGGMSY","HLA-B*15:01","0",0.51595978,-7.539,3.15,28.27920132,0.088,0.55429538,0.93623842,1132.29644,0.11,-0.003716529,57.74,626.72524,0.466666667,-0.002866115
"TQVVDMSMTY","HLA-B*15:01","0",NA,-5.665,3.27,43.19764495,0.25125,0.139076255,0.696447096,1174.34934,0.17,-1.002419631,19.95,682.80494,0.5,-1.001569216
"TQYNRYLALY","HLA-B*15:01","0",0.6448534,-6.564,3.488,35.95005096,0.171875,0.565091014,0.924971035,1304.46794,-0.67,0.995429745,-13.62,748.88014,0.016666667,0.997130574
"VDTDFVNEFY","HLA-A*01:01","0",NA,-9.429,2.638,95.93979205,0.185,0.149664529,0.53966699,1248.31124,-0.2,-3.000198024,4,769.80894,-0.116666667,-1.999794094
"VMMSAPPAQY","HLA-B*15:01","0",0.92947143,-6.05,3.216,22.65615412,0.032,0.441778161,0.922924644,1094.30894,0.28,-0.002866115,100.3,569.61514,-0.65,-0.002015701
"VTPSGTWLTY","HLA-A*01:01","0",0.89992842,-6.999,2.972,49.75330428,0.081125,0.138400029,0.668731424,1124.25854,0.09,-0.002866115,8.59,663.72814,0.05,-0.002015701
"WFLNRFTTTL","HLA-B*08:01","0",0.9539716,-8.22,0.944,3549.773334,2.662625,0.20053513,0.053711233,1298.50704,0.22,0.997980988,9,738.79844,-1.216666667,0.997980988
"WPVTLACFVL","HLA-B*07:02","0",NA,-6.229,0.374,533.8773858,1.190625,0.007924896,0.133353583,1148.42844,1.99,-0.063990417,63.71,652.80654,2.4,-0.063990417
"WPVTLACFVL","HLA-B*51:01","0",0.65800995,-6.87,0.374,2294.93841,1.242625,0.007924896,0.040399745,1148.42844,1.99,-0.063990417,63.71,652.80654,2.4,-0.063990417
"YAYLRKHFSM","HLA-B*08:01","0",0.6271091,-5.766,0.6,498.903415,1.099875,0.429941893,0.42374214,1315.55554,-0.47,2.086894217,41.57,786.93214,-0.966666667,2.088595045
"YEDQDALFAY","HLA-B*18:01","0",0.83685476,-7.141,2.44,46.06805079,0.119375,0.557462078,0.9058768,1234.28424,-0.64,-3.001048438,39.98,663.72814,0.533333333,-1.001569216
"YEQYIKWPWY","HLA-B*18:01","0",0.2042681,-5.536,2.728,2575.031188,1.112,0.25648712,0.084384362,1475.66604,-1.37,-0.003086854,1.81,892.06784,-0.683333333,0.996838851
"YLRKHFSMMI","HLA-B*08:01","0",0.20527728,-9.233,0.486,19085.73994,8.373,0.014497925,0.006516631,1325.65274,0.12,2.087744631,15.01,779.97044,-0.216666667,1.088598356
"YMPASWVMRI","HLA-B*51:01","0",0.4352622,-10.105,0.468,24334.25741,8.93725,0.205464702,0.010331103,1253.54284,0.52,0.997130574,100.11,748.89814,0.283333333,0.997980988
"YMPYFFTLLL","HLA-B*51:01","0",0.71171695,-6.782,0.888,29898.80894,16.903375,0.046378683,0.004906943,1307.61304,1.4,-0.003716529,96.88,802.96834,1.866666667,-0.002866115
"YPDKVFRSSV","HLA-B*07:02","0",0.16235411,-6.603,-0.766,136.6319547,0.664875,0.337864812,0.626088278,1197.35634,-0.52,0.997282024,60.02,722.84244,-0.5,1.997685954
"AQFAPSASAFF","HLA-B*15:01","0",0.45686266,-8.721,3.236,22.00803793,0.02625,0.644436203,0.961976658,1143.26404,0.809090909,-0.002015701,37.25454545,649.70134,0.714285714,-0.002015701
"DEWSMATYYLF","HLA-B*18:01","0",0.39125863,-4.773,2.572,1598.468177,0.932875,0.125885759,0.081220515,1425.57524,-0.154545455,-2.001494922,17.86363636,847.98134,0.485714286,-0.003716529
"DLDEWSMATYY","HLA-B*18:01","0",0.3582088,-3.11,2.252,19893.72768,4.159125,0.169427477,0.01086189,1393.48724,-0.727272727,-3.001048438,17.86363636,886.97464,-0.5,-1.001090992
"EEFEPSTQYEY","HLA-B*18:01","0",0.9328496,-5.536,2.786,24.39142098,0.006,0.741361674,0.970252955,1421.43654,-1.854545455,-3.996616038,53.18181818,852.85294,-2.128571429,-1.999315869
"FEYYHTTDPSF","HLA-B*18:01","0",0.39737225,-7.127,2.67,255.8103099,0.488625,0.185153525,0.357521523,1406.47074,-1,-1.910585831,42.18181818,819.82604,-1.685714286,-0.91151054
"FPLKLRGTAVM","HLA-B*07:02","0",0.7847525,-9.181,-0.494,51.41621316,0.296375,0.090759277,0.62327024,1232.54994,0.654545455,1.997685954,13.23636364,743.90464,0.042857143,1.997685954
"LKFPRGQGVPI","HLA-B*07:02","0",0.53316325,-7.776,0.912,23688.42317,9.227,0.03032263,0.00569489,1211.47274,-0.054545455,1.997685954,21.81818182,709.80324,-1.114285714,0.997980988
"MMFVKHKHAFL","HLA-B*08:01","0",0.5233919,-10.24,1.318,13138.5882,5.732,0.007726058,0.008843909,1388.75484,0.454545455,2.179212414,25.38181818,866.03364,-0.771428571,2.179212414
"NETLVTMPLGY","HLA-B*18:01","0",0.8527973,-3.179,3.106,2693.461712,1.1265,0.23879455,0.076758227,1237.43334,0.181818182,-1.001090992,33.6,729.93294,1.571428571,-0.002015701
"RPNFTIKGSFL","HLA-B*07:02","0",0.60791874,-5.99,0.406,37.97390672,0.1785,0.665204573,0.943746855,1279.50454,-0.136363636,1.997685954,-2.5,798.93714,0.614285714,0.997689266
"TACTDDNALAY","HLA-A*01:01","0",0.5020847,-13.007,2.988,57.88699685,0.102875,0.110404372,0.614936516,1157.21704,-0.136363636,-2.063947862,78.67272727,718.71834,-0.542857143,-2.001122732
"YAYLRKHFSMM","HLA-B*08:01","0",0.38819268,-8.802,0.6,19786.1118,8.742,0.187478643,0.011630539,1446.74814,-0.254545455,2.086894217,36.08181818,918.12474,-0.557142857,2.088595045
"YPIILRLGSPL","HLA-B*07:02","0",0.8240642,-9.996,0.364,63.91084801,0.378,0.072041161,0.56055355,1241.53924,0.927272727,0.997130574,95.27272727,754.92774,0.685714286,0.997980988
